class,id,reading,english,source
noun,0x027a,おりたたんだびにーる,PLASTIC,direct
noun,0x027a,ほうせきを散りばめた,JEWELED,direct
noun,0x0213,ちょうこくされた,CARVING,direct
noun,0x025e,せっちゃくざい,GLUE,direct
noun,0x0264,いのりのことば,PRAYER,direct
noun,0x027d,ぜんまい仕掛の,CLOCKWORK,direct
noun,0x01f7,びじゅつひん,PAINTING,direct
noun,0x01f9,ぱんふれっと,LEAFLET,direct
noun,0x020d,ぶれすれっと,BRACELET,direct
noun,0x0210,さいくろぷす,CYCLOPS,direct
noun,0x0228,だいあもんど,DIAMOND,direct
noun,0x022a,だいやもんど,DIAMOND,direct
noun,0x022a,ＦＣＤ￥＃３,DIAMOND,id-prop
noun,0x0236,しょくりょう,,
noun,0x023a,がいどぶっく,GUIDEBOOK,direct
noun,0x0245,ゆうびんぶつ,MAIL,direct
noun,0x025d,ゆうびんうけ,MAILBOX,direct
noun,0x025e,ゆうびんばこ,MAILBOX,direct
noun,0x025e,せつめいしょ,LEAFLET,direct
noun,0x0260,ぷらすちっく,PLASTIC,direct
noun,0x027a,いのりの言葉,PRAYER,direct
noun,0x027d,さんどいっち,SANDWICH,direct
noun,0x028c,とらっぷどあ,TRAP,direct
noun,0x02a2,かくしとびら,DOOR,direct
noun,0x02a2,とらいでんと,TRIDENT,direct
noun,0x02a7,きゅうけつき,,
noun,0x02ac,ＺＺＭＧＣＫ,,
noun,0x02b2,ぼーとのあな,LEAK,direct
noun,0x02d4,こわれている,BROKEN,direct
noun,0x01f4,ぱいろっと,WOODEN,id-prop
noun,0x01fa,こがねむし,SCARAB,direct
noun,0x0202,かーぺっと,RUG,direct
noun,0x021a,すべりだい,SLIDE,direct
noun,0x021f,がーりっく,GARLIC,direct
noun,0x0221,どらいばー,SCREWDRIVER,direct
noun,0x022f,かんそうき,,
noun,0x0230,えめらるど,EMERALD,direct
noun,0x0232,ちょうこく,CARVING,direct
noun,0x0233,あくりょう,GHOST,direct
noun,0x0237,てつごうし,GRATING,direct
noun,0x0242,がらすくず,GLASS,direct
noun,0x0246,れたりんぐ,HANDS,id-prop
noun,0x0258,まにゅある,MANUAL,direct
noun,0x0260,かみまっち,MATCH,direct
noun,0x0263,もんすたー,MATCH,id-prop
noun,0x0266,さんみゃく,MOUNTAIN,direct
noun,0x0267,ＰＤＰ１０,BODY,id-prop
noun,0x0273,まつばやし,FOREST,direct
noun,0x0278,きとうぶん,PRAYER,direct
noun,0x027d,たいりょう,CLOCKWORK,id-prop
noun,0x027f,きの手すり,RAILING,direct
noun,0x0281,きのてすり,RAILING,direct
noun,0x0281,じゅうたん,RUG,direct
noun,0x0288,さふぁいあ,SAPPHIRE,direct
noun,0x028d,ずがいこつ,SKULL,direct
noun,0x0294,あおいとり,SONGBIRD,direct
noun,0x0295,どうぐばこ,TOOL,direct
noun,0x02a0,ぞーくどる,ZORKMIDS,direct
noun,0x02b1,しんちゅう,BRASS,direct
noun,0x02c2,くりすたる,CRYSTAL,direct
noun,0x02c3,すいしょう,CRYSTAL,direct
noun,0x02c3,みどりいろ,GREEN,direct
noun,0x02c8,だいどころ,KITCHEN,direct
noun,0x02c9,だいりせき,,
noun,0x02cc,ぼーとの穴,LEAK,direct
noun,0x02d4,ちょすいち,RESERVOIR,direct
noun,0x02d5,うつくしい,BROWN,id-prop
noun,0x01f5,さいだん,ALTAR,direct
noun,0x01f8,いしづか,BARROW,direct
noun,0x01fe,こうもり,BAT,direct
noun,0x0200,おもちゃ,TOY,direct
noun,0x0201,おんけい,TROPHY,direct
noun,0x0206,かなりあ,CANARY,direct
noun,0x0217,かなりや,CANARY,direct
noun,0x0217,ろうそく,CANDLES,direct
noun,0x0218,ろーそく,CANDLES,direct
noun,0x0218,さかずき,CHALICE,direct
noun,0x021d,えんとつ,CHIMNEY,direct
noun,0x021e,すべり台,SLIDE,direct
noun,0x021f,がんぺき,CLIFF,direct
noun,0x0220,ぜっぺき,CLIFF,direct
noun,0x0220,にんにく,GARLIC,direct
noun,0x0221,せきたん,COAL,direct
noun,0x0222,しょくじ,,
noun,0x022b,きょだい,,
noun,0x0234,ひとつめ,CYCLOPS,direct
noun,0x0235,おいはぎ,THIEF,direct
noun,0x023b,ふぉーく,,
noun,0x023e,すいもん,,
noun,0x023f,ゆうれい,GHOST,direct
noun,0x0240,おうごん,GOLD,direct
noun,0x0241,ＧＲＵＥ,,
noun,0x0244,がらす屑,GLASS,direct
noun,0x0246,りょうて,HANDS,direct
noun,0x0248,かたまり,MOUNTAIN,id-prop
noun,0x024a,ほうせき,JEWELS,direct
noun,0x024f,みず漏れ,LEAK,direct
noun,0x0256,みずもれ,LEAK,direct
noun,0x0256,いわだな,LEDGE,direct
noun,0x0257,えきたい,LEDGE,id-prop
noun,0x025a,ましーん,MACHINE,direct
noun,0x025c,ゆうびん,MAIL,direct
noun,0x025d,ぶっしつ,MAILBOX,id-prop
noun,0x0264,かいぶつ,PRAYER,id-prop
noun,0x0266,せんがい,MOUNTAIN,id-prop
noun,0x026b,いっつい,PEDESTAL,id-prop
noun,0x026d,ようひし,BODY,id-prop
noun,0x0270,ぺーすと,CRACK,id-prop
noun,0x0271,びにーる,PLASTIC,direct
noun,0x027a,ぷらちな,PLATINUM,direct
noun,0x027b,きとう文,PRAYER,direct
noun,0x027d,ごうとう,CLOCKWORK,id-prop
noun,0x0286,ふなのり,SAILOR,direct
noun,0x028a,すからべ,SCARAB,direct
noun,0x028e,しゃべる,SHOVEL,direct
noun,0x0291,がいこつ,SKELETON,direct
noun,0x0293,あおい鳥,SONGBIRD,direct
noun,0x0295,かいだん,STAIRCASE,direct
noun,0x0296,たんけん,STILETTO,direct
noun,0x0297,すいっち,SWITCH,direct
noun,0x0298,てーぶる,TABLE,direct
noun,0x029a,どろぼう,THIEF,direct
noun,0x029c,もくざい,TIMBER,direct
noun,0x029d,どうぐ箱,TOOL,direct
noun,0x02a0,たいまつ,TORCH,direct
noun,0x02a1,かくし扉,DOOR,direct
noun,0x02a2,かくし戸,DOOR,direct
noun,0x02a2,かくしど,DOOR,direct
noun,0x02a2,ざいほう,TREASURE,direct
noun,0x02a3,とらんく,TRUNK,direct
noun,0x02a9,ちゅーぶ,TUBE,direct
noun,0x02aa,かきこみ,,
noun,0x02b0,ふーばー,,
noun,0x02b6,みずうみ,,
noun,0x02b8,あおいろ,BLUE,direct
noun,0x02be,ちゃいろ,BROWN,direct
noun,0x02bf,あかいろ,RED,direct
noun,0x02c1,おうどう,BRASS,direct
noun,0x02c2,えじぷと,CRYSTAL,id-prop
noun,0x02c4,えなめる,,
noun,0x02c5,きんぞく,,
noun,0x02cd,ＺＯＲＫ,,
noun,0x02d1,もう一度,,
noun,0x02d3,こだいの,ANCIENT,direct
noun,0x01f6,さいふ,PRAYER,id-prop
noun,0x01fc,はもの,KNIFE,direct
noun,0x0205,いのり,PRAYER,direct
noun,0x0206,ぼーと,CANARY,id-prop
noun,0x0208,したい,BODY,direct
noun,0x0209,ぼると,BOLT,direct
noun,0x020a,ぼとる,BOTTLE,direct
noun,0x020e,ぼたん,BUTTON,direct
noun,0x0216,けーす,CASE,direct
noun,0x021b,ひつぎ,COFFIN,direct
noun,0x021c,こいん,,
noun,0x0223,ようき,,
noun,0x0224,きれつ,CRACK,direct
noun,0x0226,こっぷ,,
noun,0x0227,とびら,DOOR,direct
noun,0x022d,しずく,,
noun,0x022e,たまご,EGG,direct
noun,0x0231,ちから,,
noun,0x023c,げーと,,
noun,0x023f,じめん,GROUND,direct
noun,0x0243,ぐるー,GLUE,direct
noun,0x0244,Ｈ２Ｏ,GLASS,id-prop
noun,0x0247,あたま,HOUSE,id-prop
noun,0x0249,ぞうげ,PATH,id-prop
noun,0x024e,ないふ,KNIFE,direct
noun,0x0251,らべる,LABEL,direct
noun,0x0252,はしご,LADDER,direct
noun,0x0253,らんぷ,LAMP,direct
noun,0x0254,おちば,LEAVES,direct
noun,0x0255,きざみ,CARVING,direct
noun,0x0258,あかり,LAMP,direct
noun,0x0259,ましん,MACHINE,direct
noun,0x025c,おとこ,MAIL,id-prop
noun,0x025f,まっぷ,MAP,direct
noun,0x0261,まっち,MATCH,direct
noun,0x0262,かがみ,MIRROR,direct
noun,0x0265,みらー,MIRROR,direct
noun,0x0265,なっと,MIRROR,id-prop
noun,0x026a,ぺーじ,,
noun,0x026c,ぱねる,PANEL,direct
noun,0x026e,こみち,PATH,direct
noun,0x0272,つうろ,PASSAGE,direct
noun,0x0272,だいざ,PEDESTAL,direct
noun,0x0274,ぶぶん,,
noun,0x0276,ぱいぷ,AXE,id-prop
noun,0x0279,ぽんぷ,PUMP,direct
noun,0x027e,いかだ,,
noun,0x0280,てすり,RAILING,direct
noun,0x0281,いたい,RAILING,id-prop
noun,0x0283,したい,BODY,direct
noun,0x0283,ろーぷ,ROPE,direct
noun,0x0287,ふくろ,SACK,direct
noun,0x0289,すいふ,SAILOR,direct
noun,0x028a,しゃく,SCEPTRE,direct
noun,0x028f,じぶん,SILVER,id-prop
noun,0x0290,どくろ,SKULL,direct
noun,0x0293,つるぎ,SWORD,direct
noun,0x0299,こうぐ,TOOL,direct
noun,0x029f,とーち,TORCH,direct
noun,0x02a1,はやし,FOREST,direct
noun,0x02a6,とろる,TROLL,direct
noun,0x02a8,ばるぶ,,
noun,0x02ab,こまど,WINDOW,direct
noun,0x02ae,れんち,WRENCH,direct
noun,0x02af,くさり,,
noun,0x02b3,さけ目,CRACK,direct
noun,0x02b4,さけめ,CRACK,direct
noun,0x02b4,どーむ,DOME,direct
noun,0x02b5,におい,,
noun,0x02ba,おがわ,STREAM,direct
noun,0x02bb,てがみ,SMELLY,id-prop
noun,0x02bc,ちゃ色,BROWN,direct
noun,0x02bf,きいろ,YELLOW,direct
noun,0x02c0,ほのお,RED,id-prop
noun,0x02c6,がらす,GLASS,direct
noun,0x02c7,みどり,GREEN,direct
noun,0x02c8,まほう,MAGIC,direct
noun,0x02cb,どうぐ,TOOL,direct
noun,0x02d0,ぞーく,,
noun,0x02d1,からの,,
noun,0x01fb,ぼう,BAR,direct
noun,0x01fd,つか,BARROW,direct
noun,0x01fe,かご,BASKET,direct
noun,0x01ff,べる,BELL,direct
noun,0x0203,とり,,
noun,0x0204,いた,BOARD,direct
noun,0x0207,ほね,,
noun,0x020b,ほん,BOOK,direct
noun,0x020c,はこ,,
noun,0x020f,えだ,CHALICE,id-prop
noun,0x0211,いき,,
noun,0x0212,むし,,
noun,0x0214,ぶい,BUOY,direct
noun,0x0215,ふた,,
noun,0x0225,だむ,DAM,direct
noun,0x0229,つち,,
noun,0x022c,どあ,DOOR,direct
noun,0x022d,ぞう,,
noun,0x0238,ゆか,NEST,id-prop
noun,0x0239,もり,FOREST,direct
noun,0x023d,もん,WATER,id-prop
noun,0x023f,きん,GOLD,direct
noun,0x0241,くず,,
noun,0x0246,みず,WATER,direct
noun,0x0247,いえ,HOUSE,direct
noun,0x024b,それ,RIVER,id-prop
noun,0x024d,かぎ,KEY,direct
noun,0x0250,もれ,LEAK,direct
noun,0x0256,はい,LEAK,id-prop
noun,0x025b,かれ,,
noun,0x025f,ちず,MAP,direct
noun,0x0261,やま,MOUNTAIN,direct
noun,0x0267,くち,BODY,id-prop
noun,0x0268,かみ,PAPER,direct
noun,0x026f,みち,PATH,direct
noun,0x0272,ひと,PASSAGE,id-prop
noun,0x0275,くい,RIVER,id-prop
noun,0x0277,つぼ,POT,direct
noun,0x027c,さく,BROWN,id-prop
noun,0x0281,にじ,RAINBOW,direct
noun,0x0282,かわ,RIVER,direct
noun,0x0285,すな,SAND,direct
noun,0x028b,つえ,,
noun,0x028f,ぎん,SILVER,direct
noun,0x0292,けん,SWORD,direct
noun,0x0299,はか,TOOL,id-prop
noun,0x029e,かべ,WALL,direct
noun,0x02ad,まど,WINDOW,direct
noun,0x02ae,がす,GAS,direct
noun,0x02b7,くぎ,,
noun,0x02b9,くろ,BLACK,direct
noun,0x02bd,あお,BLUE,direct
noun,0x02be,ちゃ,BROWN,direct
noun,0x02bf,き色,YELLOW,direct
noun,0x02c0,あか,RED,direct
noun,0x02c1,いわ,BRASS,id-prop
noun,0x02ce,いし,,
noun,0x02cf,いろ,,
noun,0x02d2,きた,WEST,id-prop
noun,0x0219,て,COFFIN,id-prop
noun,0x0248,は,MOUNTAIN,id-prop
noun,0x0255,す,CARVING,id-prop
noun,0x0269,は,SACK,id-prop
noun,0x029b,き,,
noun,0x02a5,Ｇ,,
noun,0x02d3,Ｎ,ANCIENT,id-prop
noun,0x02d4,リスタート,BROKEN,id-prop
noun,0x0246,ボートの穴,LEAK,direct
noun,0x02d4,ボロボロの,BROKEN,id-prop
noun,0x0235,握る,GRIP,direct
noun,0x0237,一対,GRATING,id-prop
noun,0x026d,遺体,BODY,direct
noun,0x0283,暗い,BODY,id-prop
noun,0x02a2,壊れている,BROKEN,direct
noun,0x02a2,隠し戸,DOOR,id-prop
noun,0x02a2,隠しど,DOOR,id-prop
noun,0x02a2,黄いろ,DOOR,id-prop
noun,0x02c0,壊れた,BROKEN,direct
noun,0x0206,煙突,CHIMNEY,direct
noun,0x021e,黄金,GOLD,direct
noun,0x0241,液体,,
noun,0x025a,怪物,MACHINE,id-prop
noun,0x0266,黄色,YELLOW,direct
noun,0x02c0,黄銅,BRASS,direct
noun,0x02c2,鋭い,CRYSTAL,id-prop
noun,0x024a,家,HOUSE,direct
noun,0x024b,河,RIVER,direct
noun,0x0284,黄,YELLOW,direct
noun,0x02c0,炎,RED,id-prop
noun,0x02c6,下,GLASS,id-prop
noun,0x0230,危険な,EMERALD,id-prop
noun,0x0220,岩柵,CLIFF,id-prop
noun,0x0257,岩棚,LEDGE,direct
noun,0x0257,骸骨,SKELETON,direct
noun,0x0293,階段,STAIRCASE,direct
noun,0x0296,絵,PAINTING,direct
noun,0x0219,棺,COFFIN,direct
noun,0x021c,蓋,,
noun,0x0225,革,LEATHER,direct
noun,0x02ca,岩,,
noun,0x027d,近付きがたい,CLOCKWORK,id-prop
noun,0x01f7,空気ポンプ,PUMP,direct
noun,0x01f7,祈りの言葉,PRAYER,direct
noun,0x027d,近付き難い,CLOCKWORK,id-prop
noun,0x027d,吸血鬼の,CLOCKWORK,id-prop
noun,0x027d,吸血鬼,CLOCKWORK,id-prop
noun,0x02ac,巨大な,,
noun,0x01f6,祈り,PRAYER,direct
noun,0x0206,亀裂,CRACK,direct
noun,0x0226,巨大,,
noun,0x0234,強盗,THIEF,direct
noun,0x0286,金属,SAILOR,id-prop
noun,0x02cd,空の,,
noun,0x0241,屑,,
noun,0x0246,鏡,MIRROR,direct
noun,0x0265,銀,SILVER,direct
noun,0x024a,古代の,ANCIENT,direct
noun,0x0250,口,LEAK,id-prop
noun,0x0268,剣,SWORD,direct
noun,0x0299,湖,TOOL,id-prop
noun,0x01f5,祭壇,ALTAR,direct
noun,0x01f8,財布,BARROW,id-prop
noun,0x01fc,刻み,CARVING,direct
noun,0x0258,工具,TOOL,direct
noun,0x029f,財宝,TREASURE,direct
noun,0x02a3,黒い,BLACK,direct
noun,0x020b,刻,CARVING,direct
noun,0x0258,杭,MANUAL,id-prop
noun,0x0277,柵,POT,id-prop
noun,0x0281,砂,SAND,direct
noun,0x028b,鎖,,
noun,0x02b3,黒,BLACK,direct
noun,0x0263,紙マッチ,MATCH,direct
noun,0x0263,灼熱した,MATCH,id-prop
noun,0x0281,死んだ,DEAD,direct
noun,0x0209,山脈,MOUNTAIN,direct
noun,0x0267,死体,BODY,direct
noun,0x0283,自分,BODY,id-prop
noun,0x0290,手紙,SKULL,id-prop
noun,0x02bc,次に,BROWN,id-prop
noun,0x0211,雫,,
noun,0x022e,手,EGG,id-prop
noun,0x0248,山,MOUNTAIN,direct
noun,0x0267,紙,PAPER,direct
noun,0x026f,歯,TEETH,direct
noun,0x02b0,消して,,
noun,0x024e,小道,PATH,direct
noun,0x0272,松林,FOREST,direct
noun,0x0278,小窓,WINDOW,direct
noun,0x02ae,小川,STREAM,direct
noun,0x02bb,臭い,SMELLY,direct
noun,0x0239,杖,FOREST,id-prop
noun,0x028f,上,SILVER,id-prop
noun,0x027a,折りたたんだびにーる,PLASTIC,direct
noun,0x027a,折畳んだビニール,PLASTIC,direct
noun,0x027a,折畳んだびにーる,PLASTIC,direct
noun,0x027a,真っ赤に焼けた,PLASTIC,id-prop
noun,0x0295,植民地の,TOOL,id-prop
noun,0x0256,水もれ,LEAK,direct
noun,0x0256,説明書,LEAFLET,direct
noun,0x0260,接着剤,GLUE,direct
noun,0x0264,青い鳥,SONGBIRD,direct
noun,0x0295,澄んだ,TOOL,id-prop
noun,0x01fe,刃物,KNIFE,direct
noun,0x0205,絶壁,CLIFF,direct
noun,0x0220,石炭,COAL,direct
noun,0x0222,食事,,
noun,0x022b,食料,,
noun,0x023a,水門,GUIDEBOOK,id-prop
noun,0x023f,水夫,SAILOR,direct
noun,0x028a,青色,BLUE,direct
noun,0x02be,赤色,RED,direct
noun,0x02c1,水晶,CRYSTAL,direct
noun,0x02c3,青い,BLUE,direct
noun,0x023d,水,WATER,direct
noun,0x0247,人,HOUSE,id-prop
noun,0x0275,川,RIVER,direct
noun,0x0284,青,BLUE,direct
noun,0x02be,赤,RED,direct
noun,0x02c1,石,STONE,direct
noun,0x02cf,色,,
noun,0x02d2,西,WEST,direct
noun,0x028a,船のり,SAILOR,direct
noun,0x028a,大理石,SCARAB,id-prop
noun,0x02cc,大きい,LARGE,direct
noun,0x026b,台座,PEDESTAL,direct
noun,0x0274,大量,,
noun,0x027f,台所,KITCHEN,direct
noun,0x02c9,前の,,
noun,0x0212,像,,
noun,0x0238,巣,NEST,direct
noun,0x0269,袋,SACK,direct
noun,0x0289,窓,WINDOW,direct
noun,0x023b,茶いろい,,
noun,0x023b,茶いろ,,
noun,0x02bf,貯水池,RESERVOIR,direct
noun,0x02d5,茶色い,BROWN,direct
noun,0x0233,地面,GROUND,direct
noun,0x0243,梯子,LADDER,direct
noun,0x0253,地図,MAP,direct
noun,0x0261,通路,PASSAGE,direct
noun,0x0272,短剣,STILETTO,direct
noun,0x0297,茶色,BROWN,direct
noun,0x02bf,長い,RED,id-prop
noun,0x01fe,鳥,BAT,id-prop
noun,0x0204,虫,BOARD,id-prop
noun,0x0214,男,BUOY,id-prop
noun,0x025f,壷,POT,direct
noun,0x027c,茶,BROWN,direct
noun,0x02a0,答える,ANSWER,direct
noun,0x0242,頭蓋骨,SKULL,direct
noun,0x0294,道具箱,TOOL,direct
noun,0x02a0,東洋の,ZORKMIDS,id-prop
noun,0x029c,道具,TOOL,direct
noun,0x02d0,南西,,
noun,0x022c,滴,DOOR,id-prop
noun,0x022e,頭,EGG,id-prop
noun,0x0249,道,PATH,direct
noun,0x0272,虹,RAINBOW,direct
noun,0x0282,釘,RIVER,id-prop
noun,0x02b9,南,BLACK,id-prop
noun,0x01f9,美しい,LEAFLET,id-prop
noun,0x024c,熱い,,
noun,0x0207,箱,,
noun,0x020f,杯,CHALICE,direct
noun,0x021d,扉,DOOR,direct
noun,0x022d,肺,,
noun,0x025b,彼,,
noun,0x025f,皮,MAP,id-prop
noun,0x024f,物質,LEAK,id-prop
noun,0x0264,部分,PRAYER,id-prop
noun,0x0276,斧,AXE,direct
noun,0x01fb,頁,BAR,id-prop
noun,0x026c,墓,PANEL,id-prop
noun,0x029e,壁,WALL,direct
noun,0x0281,木のてすり,RAILING,direct
noun,0x0281,鳴いている,RAILING,id-prop
noun,0x01f4,木製の,WOODEN,direct
noun,0x0259,木材,TIMBER,direct
noun,0x029d,魔法,MAGIC,direct
noun,0x02cb,北西,TOOL,id-prop
noun,0x01fd,本,BOOK,direct
noun,0x020c,門,,
noun,0x023f,木,TREE,direct
noun,0x02a4,北,,
noun,0x025e,溶かす,MELT,direct
noun,0x0255,郵便物,MAIL,direct
noun,0x025d,郵便箱,MAILBOX,direct
noun,0x025e,羊皮紙,GLUE,id-prop
noun,0x0270,裂け目,CRACK,direct
noun,0x02b4,裂けめ,CRACK,direct
noun,0x02b4,妖精の,ELVISH,direct
noun,0x0224,幽霊,GHOST,direct
noun,0x0240,両手,HANDS,direct
noun,0x0248,落葉,LEAVES,direct
noun,0x0255,郵便,MAIL,direct
noun,0x025d,緑色,GREEN,direct
noun,0x02c8,嵐の,KITCHEN,id-prop
noun,0x0231,力,,
noun,0x023c,葉,,
noun,0x0255,林,FOREST,direct
noun,0x02a6,緑,GREEN,direct
noun,0x0256,篭,BASKET,direct
adj,0x02ff,ほうせきをちりばめた,JEWELED,direct
adj,0x02ff,ＲＥＳＴＡＲＴして,JEWELED,id-prop
adj,0x02f1,こうかいにてきした,,
adj,0x0312,ＡＤＶＥＮＴして,BOARDED,id-prop
adj,0x02e1,ぜんまい仕掛けの,CLOCKWORK,direct
adj,0x02e3,ぜんまいじかけの,CLOCKWORK,direct
adj,0x02e3,ずたずたにされた,CLOCKWORK,id-prop
adj,0x0304,ぐらぐらしている,,
adj,0x030f,こうかいに適した,,
adj,0x0312,いたを打ちつけた,BOARDED,direct
adj,0x0331,いたをうちつけた,BOARDED,direct
adj,0x0331,りすたーとする,BOARDED,id-prop
adj,0x02e3,しょくみん地の,CLOCKWORK,id-prop
adj,0x02e4,しょくみんちの,TROPHY,id-prop
adj,0x02e4,ほこりだらけの,TROPHY,id-prop
adj,0x02e9,えるふのような,ELVISH,direct
adj,0x02eb,ぺしゃんこ頭の,STAND,id-prop
adj,0x02f1,ちかづきがたい,,
adj,0x02f2,ごしっくしきの,DEFLATE,id-prop
adj,0x02f5,けいたいようの,GRANITE,id-prop
adj,0x02f8,しゃくねつした,,
adj,0x02f9,まっかに焼けた,WHITE,id-prop
adj,0x02f9,まっかにやけた,WHITE,id-prop
adj,0x02f9,どっしりとした,WHITE,id-prop
adj,0x0305,じぶんじしんの,,
adj,0x030a,ひやけしている,,
adj,0x0321,やくにたたない,TRAP,id-prop
adj,0x0327,きゅうけつ鬼の,BLOW UP,id-prop
adj,0x0328,きゅうけつきの,,
adj,0x0328,ねばりけのある,,
adj,0x032a,がらすのような,GLASS,direct
adj,0x032b,しんだんする,WOODEN,id-prop
adj,0x02dd,こんらんした,BROWN,id-prop
adj,0x02e8,えるふの様な,ELVISH,direct
adj,0x02eb,かざりのある,STAND,id-prop
adj,0x02ec,ちかづき難い,HURT,id-prop
adj,0x02f2,しょうめんの,DEFLATE,id-prop
adj,0x02f4,ごしっく式の,,
adj,0x02f5,みかげいしの,GRANITE,direct
adj,0x02f6,けいたい用の,,
adj,0x02f8,めにみえない,,
adj,0x02fd,かくれている,,
adj,0x0303,ぽせいどんの,REACT,id-prop
adj,0x030c,あなの空いた,,
adj,0x030d,あなのあいた,RETREAT,id-prop
adj,0x030d,みすぼらしい,RETREAT,id-prop
adj,0x0313,いかがわしい,,
adj,0x0314,じゅんすいな,,
adj,0x0316,せんりひんの,TROPHY,direct
adj,0x0324,がらすしつの,GLASS,direct
adj,0x032b,まかれている,WOODEN,id-prop
adj,0x032e,りすたーと,LEAN,id-prop
adj,0x02d9,ちまみれの,BLOODY,direct
adj,0x02db,ぼろぼろの,BROKEN,id-prop
adj,0x02dd,ちゃいろい,BROWN,direct
adj,0x02de,もえつきた,PUT,id-prop
adj,0x02df,もえている,,
adj,0x02e0,ほそながい,BLAST,id-prop
adj,0x02ea,ようせいの,ELVISH,direct
adj,0x02eb,きょだいな,STAND,id-prop
adj,0x02ed,せいこうな,,
adj,0x02ef,ひややかな,,
adj,0x02f3,みかげ石の,GRANITE,direct
adj,0x02f6,とおれない,,
adj,0x02fb,ふくらんだ,,
adj,0x02fc,ほうせきの,JEWELED,direct
adj,0x02ff,おろされた,JEWELED,id-prop
adj,0x0302,とうようの,ATTACK,id-prop
adj,0x0309,こしょうの,CLIMB,id-prop
adj,0x030b,すくりゅー,,
adj,0x0311,ないている,,
adj,0x031b,ひやけした,COMMAND,id-prop
adj,0x0321,わなのある,TRAP,direct
adj,0x0323,とろふぃー,TROPHY,direct
adj,0x0324,さびてない,GLASS,id-prop
adj,0x0326,じゃあくな,REMOVE,id-prop
adj,0x0329,がらす質の,GLASS,direct
adj,0x032b,もくせいの,WOODEN,direct
adj,0x032f,くいっと,POLISH,id-prop
adj,0x02d6,こだいの,ANCIENT,direct
adj,0x02d7,こふうな,BLOODY,id-prop
adj,0x02d7,ち塗れの,BLOODY,direct
adj,0x02db,こわれた,BROKEN,direct
adj,0x02dd,ちゃ色い,BROWN,direct
adj,0x02de,りっぱな,PUT,id-prop
adj,0x02f0,ひすいの,JADE,direct
adj,0x02fe,おおきい,LARGE,direct
adj,0x0300,おおきな,LARGE,direct
adj,0x0300,ぶきみな,LARGE,id-prop
adj,0x0307,きけんな,OPEN UP,id-prop
adj,0x0307,するどい,OPEN UP,id-prop
adj,0x0315,しずかな,,
adj,0x0317,ふきつな,CUT,id-prop
adj,0x0318,ちいさい,SMALL,direct
adj,0x0319,ちいさな,SMALL,direct
adj,0x0319,けわしい,SMALL,id-prop
adj,0x031c,あらしの,,
adj,0x031d,しらない,EGG,id-prop
adj,0x031e,まわりの,,
adj,0x031f,あやしい,,
adj,0x0320,とらっぷ,TRAP,direct
adj,0x0323,かくしの,TROPHY,id-prop
adj,0x0323,ねじれた,TROPHY,id-prop
adj,0x0325,きいろい,YELLOW,direct
adj,0x0330,ぜんぶを,PUSH,id-prop
adj,0x02d8,くろい,BLACK,direct
adj,0x02da,あおい,BLUE,direct
adj,0x02dc,すんだ,CONTROL,id-prop
adj,0x02e2,くらい,,
adj,0x02e6,しんだ,DEAD,direct
adj,0x02e7,わるい,RUSTY,id-prop
adj,0x02ee,まえの,,
adj,0x02f4,がいど,,
adj,0x02f7,あつい,,
adj,0x02f9,やけた,WHITE,id-prop
adj,0x02f9,うえた,WHITE,id-prop
adj,0x02fa,ながい,LEAVE,id-prop
adj,0x0301,せまい,NARROW,direct
adj,0x0306,ふるい,OLD,direct
adj,0x0308,あかい,RED,direct
adj,0x030e,さびた,RUSTY,direct
adj,0x0310,くさい,SMELLY,direct
adj,0x031a,つあー,,
adj,0x0322,かくし,,
adj,0x0323,にしの,TROPHY,id-prop
adj,0x032c,しろい,WHITE,direct
adj,0x032d,ぜんぶ,BOARD,id-prop
adj,0x02dd,アイテム,BROWN,id-prop
adj,0x02e6,悪い,DEAD,id-prop
adj,0x02dd,隠れている,BROWN,id-prop
adj,0x0303,応答する,REACT,direct
adj,0x02dd,怪しい,BROWN,id-prop
adj,0x0320,隠しの,TRAP,id-prop
adj,0x0323,黄色い,YELLOW,direct
adj,0x0330,押す,PUSH,direct
adj,0x0315,隠し,,
adj,0x0323,塊,TROPHY,id-prop
adj,0x032e,寄りかかる,LEAN,direct
adj,0x0307,開く,OPEN UP,direct
adj,0x02f2,空気を抜く,DEFLATE,direct
adj,0x02f2,強奪する,ROB,direct
adj,0x0328,吸血きの,,
adj,0x0328,去って,,
adj,0x02ed,飢えた,,
adj,0x02fa,去る,LEAVE,direct
adj,0x02d8,狭い,NARROW,direct
adj,0x0306,金,GOLD,direct
adj,0x02db,御影いしの,GRANITE,direct
adj,0x02f6,携帯ようの,,
adj,0x02f8,穴の空いた,,
adj,0x030d,穴のあいた,RETREAT,id-prop
adj,0x030d,後退する,RETREAT,direct
adj,0x02db,御影石の,GRANITE,direct
adj,0x02f6,携帯用の,,
adj,0x02f8,撃って,,
adj,0x02d6,古代の,ANCIENT,direct
adj,0x02d7,古風な,BLOODY,id-prop
adj,0x02d7,険しい,BLOODY,id-prop
adj,0x031c,撃つ,,
adj,0x0308,鍵,KEY,direct
adj,0x0312,航海に適した,BOARDED,id-prop
adj,0x0312,降ろされた,BOARDED,id-prop
adj,0x0302,攻撃する,ATTACK,direct
adj,0x02e8,降りる,DESCEND,direct
adj,0x02ea,座る,SIT,direct
adj,0x02da,骨,BLUE,id-prop
adj,0x030a,錆びてない,,
adj,0x0326,取り出す,REMOVE,direct
adj,0x02f9,殺して,WHITE,id-prop
adj,0x02e7,錆びた,RUSTY,direct
adj,0x0310,周りの,SMELLY,id-prop
adj,0x031f,邪悪な,,
adj,0x0329,殺す,KILL,direct
adj,0x02ec,傷つける,HURT,direct
adj,0x02f9,純粋な,WHITE,id-prop
adj,0x0316,小さい,SMALL,direct
adj,0x0319,小さな,SMALL,direct
adj,0x0319,消す,EXTINGUISH,direct
adj,0x031a,床,,
adj,0x02f9,真っ赤にやけた,WHITE,id-prop
adj,0x02f9,水に降ろして,WHITE,id-prop
adj,0x02e4,植民ちの,TROPHY,id-prop
adj,0x02e4,戦利品の,TROPHY,direct
adj,0x0324,数える,COUNT,direct
adj,0x02e2,精巧な,,
adj,0x02ef,正面の,,
adj,0x02f4,静かな,,
adj,0x0317,切る,CUT,direct
adj,0x02dc,制御,CONTROL,direct
adj,0x02e5,赤い,RED,direct
adj,0x030e,西の,RUSTY,id-prop
adj,0x032c,森,FOREST,direct
adj,0x0300,大きな,LARGE,direct
adj,0x0300,全部を,LARGE,id-prop
adj,0x02f4,全部,,
adj,0x02e1,中に入る,ENTER,direct
adj,0x02de,通れない,PUT,id-prop
adj,0x02fb,知らない,,
adj,0x031e,置いて,,
adj,0x02de,置く,PUT,direct
adj,0x0301,塚,BARROW,direct
adj,0x0321,突き刺して,TRAP,id-prop
adj,0x0321,動かして,TRAP,id-prop
adj,0x0309,登る,CLIMB,direct
adj,0x0331,板をうちつけた,BOARDED,direct
adj,0x0331,粘りけのある,BOARDED,id-prop
adj,0x032a,覗き込んで,GLASS,id-prop
adj,0x02df,燃えている,,
adj,0x02e0,爆破する,BLAST,direct
adj,0x02d9,覗く,PEEK,direct
adj,0x02f9,白い,WHITE,direct
adj,0x032d,板,BOARD,direct
adj,0x02ff,宝石をちりばめた,JEWELED,direct
adj,0x02ff,歩きまわって,JEWELED,id-prop
adj,0x0307,歩いて,OPEN UP,id-prop
adj,0x02ff,不吉な,JEWELED,id-prop
adj,0x0318,歩く,WALK,direct
adj,0x02fd,役に立たない,,
adj,0x0327,膨らませる,BLOW UP,direct
adj,0x031b,命令する,COMMAND,direct
adj,0x02fc,磨いて,JEWELED,id-prop
adj,0x032f,磨く,POLISH,direct
adj,0x02eb,立つ,STAND,direct
adj,0x031d,卵,EGG,direct
verb,0x0010,いんさつを中止する,,
verb,0x0021,むしゃむしゃ食べる,DEVOUR,direct
verb,0x0072,むしゃむしゃたべる,,
verb,0x0073,あくまばらいをする,,
verb,0x00c0,じゅもんをとなえる,,
verb,0x00ce,こんにちはと言って,,
verb,0x01c2,こんにちはといって,,
verb,0x01c3,ぺしゃんこあたまの,,
verb,0x0019,いんさつをやめる,,
verb,0x001f,あくま払いをする,,
verb,0x00bf,じゅもんを唱える,,
verb,0x00cd,およいでわたって,,
verb,0x0187,ぜんまいをまいて,,
verb,0x01ac,ぜんまいを巻いて,,
verb,0x01ad,こんにちはと言う,,
verb,0x01eb,きろくを中止する,,
verb,0x01fd,ぱいろっとらんぷ,,
verb,0x000b,りすたーとして,,
verb,0x000d,ＲＥＳＴＡＲＴ,,
verb,0x007f,くうきを抜いて,,
verb,0x009d,くうきをぬいて,,
verb,0x009e,まほうを解いて,,
verb,0x00a1,まほうをといて,,
verb,0x00a2,まほうをかける,,
verb,0x00a4,いっぱいにする,FILL,direct
verb,0x00c3,みずに降ろして,,
verb,0x00e4,みずにおろして,,
verb,0x00e5,あかりをつける,LIGHT,direct
verb,0x00f0,くうきを入れる,,
verb,0x0146,くうきをいれる,,
verb,0x0147,においをかいで,,
verb,0x017a,およいで渡って,,
verb,0x0186,およいでわたる,,
verb,0x0197,あるきまわって,,
verb,0x01a5,ぜんまいをまく,,
verb,0x01d9,じょうりくして,,
verb,0x01db,ＦＲＯＢＯＺＺ,,
verb,0x01fb,めいるぼっくす,,
verb,0x0002,くいっとして,,
verb,0x0007,ＱＵＩＴして,,
verb,0x0008,ＬＯＡＤして,,
verb,0x0012,ＳＡＶＥして,,
verb,0x0014,ＡＤＶＥＮＴ,,
verb,0x001d,へんとうする,,
verb,0x0025,おうとうする,,
verb,0x0029,こうげきする,,
verb,0x0040,こうたいする,,
verb,0x0050,ふくらませる,,
verb,0x005a,うえに乗って,,
verb,0x0062,うえにのって,,
verb,0x0064,こきゅうする,,
verb,0x006a,きれいにする,CLEAN,direct
verb,0x006d,なかに入って,,
verb,0x007d,なかにはいる,,
verb,0x0089,くうきを抜く,,
verb,0x00ac,みずをかける,,
verb,0x00b8,みずに降ろす,,
verb,0x00e7,よりかかって,,
verb,0x00e9,ひをともして,,
verb,0x00ef,てんとうする,,
verb,0x00f7,かぎを掛ける,,
verb,0x00ff,かぎをかける,,
verb,0x0100,ごうだつする,,
verb,0x015c,こうかいする,,
verb,0x0160,すきっぷする,,
verb,0x0176,においをかぐ,,
verb,0x017d,たいざいする,,
verb,0x0181,およいで渡る,,
verb,0x018b,かぎを開ける,,
verb,0x0192,かぎをあける,,
verb,0x0194,かぎをはずす,,
verb,0x019c,あるき回って,,
verb,0x01a4,あるきまわる,,
verb,0x01aa,ねじを巻いて,,
verb,0x01ab,ふりかえって,,
verb,0x01c7,のぞき込んで,,
verb,0x01ce,のぞきこんで,,
verb,0x01cf,したを覗いて,,
verb,0x01d8,したをのぞく,,
verb,0x0027,いどうする,,
verb,0x0033,うごかして,,
verb,0x0035,だき締める,,
verb,0x003d,だきしめる,,
verb,0x003e,つき刺して,,
verb,0x0045,つきさして,,
verb,0x0046,やっつける,DEFEAT,direct
verb,0x0047,きずつける,,
verb,0x004b,ばくはする,,
verb,0x0052,ふき消して,,
verb,0x0055,ふきけして,,
verb,0x0056,のり込んで,,
verb,0x005f,のりこんで,,
verb,0x0060,うえに乗る,,
verb,0x0067,ふきこんで,,
verb,0x0068,ひをつける,,
verb,0x0071,なかに入る,,
verb,0x0090,よこぎって,,
verb,0x0091,ののしって,,
verb,0x0094,はかいする,,
verb,0x00a8,とび越える,,
verb,0x00d3,とびこえる,,
verb,0x00d4,とび越して,,
verb,0x00d7,とびこして,,
verb,0x00d8,のっくする,,
verb,0x00e1,よりかかる,,
verb,0x00fb,みまわして,,
verb,0x0107,み下ろして,,
verb,0x010e,みおろして,,
verb,0x010f,ころがして,,
verb,0x011c,ひっ張って,,
verb,0x0123,ひっぱって,,
verb,0x0124,つぶやいて,,
verb,0x0127,こじ開ける,PRY,direct
verb,0x012e,こじあける,,
verb,0x012f,とり上げる,,
verb,0x0136,とりあげる,,
verb,0x0137,とり出して,,
verb,0x013a,とりだして,,
verb,0x013b,せんをする,,
verb,0x013f,もち上げる,,
verb,0x014e,もちあげる,,
verb,0x014f,ひき上げる,,
verb,0x0152,ひきあげる,,
verb,0x0153,ふりあげる,,
verb,0x0159,ふきかける,SPRITZ,direct
verb,0x017b,ふり回して,,
verb,0x018a,ふりまわす,,
verb,0x01b9,そとにでる,,
verb,0x01ba,こんにちは,,
verb,0x01c6,ふりかえる,,
verb,0x01ca,ふりむいて,,
verb,0x01cb,のぞき込む,,
verb,0x01f9,ぼうけんか,,
verb,0x0023,くわえる,,
verb,0x002b,うごかす,,
verb,0x0038,にぎって,,
verb,0x003a,ころして,,
verb,0x0042,つき刺す,,
verb,0x0049,ふき消す,,
verb,0x006c,もやして,,
verb,0x006f,のぼって,,
verb,0x0077,すわって,,
verb,0x0079,はいって,,
verb,0x007b,あるいて,,
verb,0x0081,めいじる,,
verb,0x008b,かぞえる,,
verb,0x008d,よこ切る,,
verb,0x0093,ののしる,CURSE,direct
verb,0x0096,きざんで,,
verb,0x009a,こわして,,
verb,0x00a6,ひらいて,,
verb,0x00b0,そそいで,,
verb,0x00b6,しらべる,,
verb,0x00bc,みたして,,
verb,0x00c2,みつける,,
verb,0x00c5,さがして,,
verb,0x00c7,かえして,,
verb,0x00ca,とび越す,,
verb,0x00da,しんすい,,
verb,0x00f5,み回して,,
verb,0x0106,みまわす,,
verb,0x010a,みあげる,,
verb,0x010b,み下ろす,,
verb,0x0118,とかして,,
verb,0x011a,ころがす,,
verb,0x0126,つぶやく,MUTTER,direct
verb,0x012d,ひろって,,
verb,0x0131,とり出す,,
verb,0x013d,ふさいで,,
verb,0x0141,いのって,,
verb,0x0143,かかげる,,
verb,0x0155,めくって,,
verb,0x015a,うばって,,
verb,0x015e,ならして,,
verb,0x0162,こすって,,
verb,0x0163,さわって,,
verb,0x0165,はなして,,
verb,0x016c,におって,,
verb,0x0178,およいで,,
verb,0x0183,ふり回す,,
verb,0x018d,つむいで,,
verb,0x018f,はずして,,
verb,0x0199,ほどいて,,
verb,0x019a,おこして,,
verb,0x01a1,ゆらして,,
verb,0x01a7,のぞんで,,
verb,0x01b1,さけんで,,
verb,0x01b3,どなって,,
verb,0x01b4,あたえる,,
verb,0x01bc,わたして,,
verb,0x01be,きすする,,
verb,0x01c0,ふり返る,,
verb,0x01d1,おとして,,
verb,0x01d5,しんでん,,
verb,0x01f3,とおって,,
verb,0x01f5,ＺＯＲＫ,,
verb,0x0005,おいて,,
verb,0x002d,いれる,,
verb,0x002f,なげる,,
verb,0x0031,おして,,
verb,0x0037,ずらす,SHIFT,direct
verb,0x004d,けして,,
verb,0x0058,のって,,
verb,0x005c,みがく,,
verb,0x0075,のぼる,,
verb,0x0083,とじる,,
verb,0x0085,しめる,,
verb,0x0087,わたる,,
verb,0x0098,きざむ,,
verb,0x00aa,あける,,
verb,0x00ae,ひらく,,
verb,0x00b2,のんで,,
verb,0x00b4,そそぐ,,
verb,0x00ba,みたす,,
verb,0x00c9,かえす,,
verb,0x00d0,おろす,,
verb,0x00dc,けって,,
verb,0x00df,さって,,
verb,0x00eb,つける,,
verb,0x00f2,ともす,,
verb,0x00f9,かける,,
verb,0x0103,み回す,,
verb,0x0114,ぬって,,
verb,0x0116,つくる,,
verb,0x011e,ひって,,
verb,0x0120,まわす,,
verb,0x0133,ふさぐ,,
verb,0x014b,めくる,FLIP,direct
verb,0x0167,なでる,PET,direct
verb,0x0168,つげる,,
verb,0x016a,はなす,,
verb,0x016e,よんで,,
verb,0x0170,ふって,,
verb,0x0172,はねる,,
verb,0x0174,におう,,
verb,0x017f,およぐ,,
verb,0x019e,おこす,,
verb,0x01a9,のぞむ,,
verb,0x01d3,おとす,,
verb,0x01f1,たたく,TAP,direct
verb,0x0111,よむ,,
verb,0x0149,いう,,
verb,0x01b6,さす,,
verb,0x01ae,ゼンマイを巻いて,,
verb,0x01af,リスタートする,,
verb,0x000a,リスタートして,,
verb,0x000c,カギをはずして,,
verb,0x0198,ゼンマイをまく,,
verb,0x0006,パンクさせる,PUNCTURE,direct
verb,0x00ab,カギを掛ける,,
verb,0x0101,カギをかける,,
verb,0x0102,オデッセウス,,
verb,0x0175,スプレーする,SPRAY,direct
verb,0x017c,カギを開ける,,
verb,0x0193,カギをあける,,
verb,0x0195,カギをはずす,,
verb,0x0011,セーブして,,
verb,0x0013,バージョン,,
verb,0x00e0,ロックする,LOCK UP,direct
verb,0x00fc,オデッセー,,
verb,0x01bf,フロボズ,,
verb,0x00be,印刷を中止する,,
verb,0x0020,悪魔払いをする,EXORCISE,direct
verb,0x00bd,印刷をやめる,,
verb,0x001e,引っ張って,,
verb,0x0121,引っぱって,,
verb,0x0122,引き上げる,HOIST,direct
verb,0x0150,引きあげる,,
verb,0x0151,印刷する,,
verb,0x001c,移動する,MOVE,direct
verb,0x0032,引っ張る,TUG,direct
verb,0x0039,飲んで,,
verb,0x00b3,引いて,,
verb,0x011f,一つ目,,
verb,0x0185,火を灯もして,,
verb,0x00ed,火をともして,,
verb,0x00ee,泳いで渡って,,
verb,0x0184,泳いでわたる,,
verb,0x01d7,火をつける,IGNITE,direct
verb,0x0070,火を灯して,,
verb,0x00ec,火を灯もす,,
verb,0x01d6,下をのぞく,,
verb,0x0028,横切って,,
verb,0x008e,横ぎって,,
verb,0x008f,下ろして,,
verb,0x00dd,火を灯す,BURN,direct
verb,0x002a,押して,,
verb,0x0036,横切る,CROSS,direct
verb,0x00a5,下げる,LET DOWN,direct
verb,0x00db,下ろす,LOWER,direct
verb,0x0125,演じる,PLAY,direct
verb,0x013c,泳いで,,
verb,0x0182,隠し扉,,
verb,0x00e8,巻かれている,,
verb,0x01b7,外にでる,,
verb,0x01b8,開ける,OPEN,direct
verb,0x00ad,開いて,,
verb,0x00af,巻いて,,
verb,0x011d,乾燥機,,
verb,0x01fc,空気を抜いて,,
verb,0x009b,空気をぬいて,,
verb,0x009c,空気を入れる,INFLATE,direct
verb,0x0144,空気をいれる,,
verb,0x0145,記録をやめる,,
verb,0x01fa,祈りのことば,,
verb,0x015b,起こして,,
verb,0x01a0,記録する,,
verb,0x01f8,祈祷ぶん,,
verb,0x00ea,祈って,,
verb,0x0142,起こす,WAKE,direct
verb,0x01b2,祈祷文,,
verb,0x0196,鍵を掛ける,LOCK,direct
verb,0x00fd,鍵をかける,,
verb,0x00fe,見まわして,,
verb,0x0105,見下ろして,,
verb,0x010c,見おろして,,
verb,0x010d,鍵を開ける,UNLOCK,direct
verb,0x0190,鍵をあける,,
verb,0x0191,鍵をはずす,UNDO LOCK,direct
verb,0x004f,呼吸する,BREATHE,direct
verb,0x0069,見つける,FIND,direct
verb,0x00c4,見回して,,
verb,0x0104,見まわす,,
verb,0x0108,見あげる,,
verb,0x0109,見下ろす,LOOK DOWN,direct
verb,0x015f,血塗れの,,
verb,0x004e,掘って,,
verb,0x00b1,見回す,LOOK AROUND,direct
verb,0x0154,言って,,
verb,0x016d,呼んで,,
verb,0x016f,結んで,,
verb,0x018c,固まり,,
verb,0x0110,言う,SAY,direct
verb,0x000e,再すたーとする,,
verb,0x000f,航海にてきした,,
verb,0x003f,降ろして,,
verb,0x00d9,混乱した,,
verb,0x0074,座って,,
verb,0x0078,行って,,
verb,0x0082,刻んで,,
verb,0x0099,降ろす,,
verb,0x0117,塞いで,,
verb,0x0140,告げる,TELL,direct
verb,0x0169,細長い,,
verb,0x00cc,呪文を唱える,CAST,direct
verb,0x00cb,取り上げる,SNATCH,direct
verb,0x0134,取りあげる,,
verb,0x0135,取り出して,,
verb,0x0138,取りだして,,
verb,0x0139,持ち上げる,LIFT,direct
verb,0x014c,持ちあげる,,
verb,0x014d,自由にする,FREE,direct
verb,0x019b,自分自信の,,
verb,0x0041,呪って,,
verb,0x0095,取って,,
verb,0x0132,捨てる,DISCARD,direct
verb,0x01d2,刺して,,
verb,0x01f0,手すり,,
verb,0x0018,臭いをかいで,,
verb,0x0179,乗り込んで,,
verb,0x005d,乗りこんで,,
verb,0x005e,上に乗って,,
verb,0x0061,上にのって,,
verb,0x0063,臭いをかぐ,SMELL,direct
verb,0x004a,乗り込む,BOARD,direct
verb,0x01da,書き込み,,
verb,0x0057,乗って,,
verb,0x005b,蹴って,,
verb,0x00de,拾って,,
verb,0x0130,上げる,RAISE,direct
verb,0x014a,臭って,,
verb,0x0177,勝って,,
verb,0x01a8,焼けた,,
verb,0x01b5,上陸,LAND,direct
verb,0x00e2,水におろして,,
verb,0x00e3,振りまわして,,
verb,0x0189,振りかえって,,
verb,0x01c5,吹き消して,,
verb,0x0053,吹きけして,,
verb,0x0054,吹き込んで,,
verb,0x0065,吹きこんで,,
verb,0x0066,水をかける,DOUSE,direct
verb,0x00b7,水に降ろす,SET AFLOAT,direct
verb,0x0156,振り挙げる,,
verb,0x0157,振りあげる,,
verb,0x0158,振り回して,,
verb,0x0188,振りまわす,,
verb,0x01c4,振りかえる,,
verb,0x01c8,振りむいて,,
verb,0x01c9,静かにしろ,,
verb,0x0001,吹き消す,BLOW OUT,direct
verb,0x00e6,栓をする,PLUG,direct
verb,0x013e,振り回す,WAVE,direct
verb,0x008c,切って,,
verb,0x0097,食べる,EAT,direct
verb,0x00b9,触って,,
verb,0x0164,触れる,FEEL,direct
verb,0x0166,振って,,
verb,0x0171,水漏れ,,
verb,0x01ea,滞在する,STAY,direct
verb,0x0180,打って,,
verb,0x004c,捜して,,
verb,0x00c6,待って,,
verb,0x019d,船乗り,,
verb,0x007e,中に入って,,
verb,0x007c,中にはいる,,
verb,0x00d1,跳びこえる,,
verb,0x00d2,跳び越して,,
verb,0x00d5,跳びこして,,
verb,0x00d6,彫刻された,,
verb,0x002c,叩いて,,
verb,0x0048,注いで,,
verb,0x00b5,調べる,EXAMINE,direct
verb,0x00bb,追って,,
verb,0x00c8,跳んで,,
verb,0x00cf,聴いて,,
verb,0x00fa,奪って,,
verb,0x015d,跳ねる,HOP,direct
verb,0x0173,叩いて,,
verb,0x01f2,通って,,
verb,0x01f4,追剥ぎ,,
verb,0x0148,奪う,SEIZE,direct
verb,0x0043,突きさして,,
verb,0x0044,日焼けした,,
verb,0x0034,突き刺す,PIERCE,direct
verb,0x00f4,点灯する,ILLUMINATE,direct
verb,0x00f6,転がして,,
verb,0x011b,道具ばこ,,
verb,0x0022,入れる,INSERT,direct
verb,0x002e,投げる,THROW,direct
verb,0x0030,動かす,BUDGE,direct
verb,0x0076,入って,,
verb,0x007a,渡って,,
verb,0x0092,突いて,,
verb,0x00a9,点ける,TURN ON,direct
verb,0x00f1,灯して,,
verb,0x00f3,灯もす,,
verb,0x0113,塗って,,
verb,0x0115,転がす,ROLL,direct
verb,0x01bd,鉄格子,,
verb,0x01cc,覗きこんで,,
verb,0x01cd,燃えつきた,,
verb,0x0051,燃やして,,
verb,0x006e,破壊する,DESTROY,direct
verb,0x00a7,覗き込む,PEER,direct
verb,0x01d0,美術品,PAINTING,direct
verb,0x01a3,抱き締める,,
verb,0x003b,抱きしめる,HUG,direct
verb,0x003c,歩き回って,,
verb,0x01a2,歩きまわる,,
verb,0x0024,返事する,REPLY,direct
verb,0x0026,歩き回る,WANDER,direct
verb,0x0080,閉じる,SHUT,direct
verb,0x0084,閉める,CLOSE,direct
verb,0x0086,聞いて,,
verb,0x00f8,宝石の,,
verb,0x009f,魔法をといて,,
verb,0x00a0,魔法をかける,ENCHANT,direct
verb,0x00a3,目に見えない,,
verb,0x0059,魔法を解く,DISENCHANT,direct
verb,0x0088,満たして,,
verb,0x00c1,鳴らして,,
verb,0x0161,膨らんだ,,
verb,0x006b,命じる,ORDER,direct
verb,0x008a,満たす,FILL UP,direct
verb,0x018e,望んで,,
verb,0x01b0,冒険家,,
verb,0x0119,揺らして,,
verb,0x01a6,落として,,
verb,0x01d4,郵便受け,,
verb,0x017e,揺らす,ROCK,direct
verb,0x01bb,落とす,DROP,direct
verb,0x016b,話す,TALK,direct
verb-te,0x0021,いんさつを中止して,,
verb-te,0x0072,むしゃむしゃ食べて,,
verb-te,0x0073,むしゃむしゃたべて,,
verb-te,0x00c0,あくまばらいをして,,
verb-te,0x00ce,じゅもんをとなえて,,
verb-te,0x001f,いんさつをやめて,,
verb-te,0x00bf,あくま払いをして,,
verb-te,0x00cd,じゅもんを唱えて,,
verb-te,0x01c2,こんにちはという,,
verb-te,0x01c3,おおごえをあげる,,
verb-te,0x01eb,おおごえをあげて,,
verb-te,0x01fd,きろくを中止して,,
verb-te,0x000b,りすたーとして,,
verb-te,0x0010,ＶＥＲＳＩＯＮ,,
verb-te,0x001b,なかにはいって,,
verb-te,0x00a4,まほうをかけて,,
verb-te,0x00c3,いっぱいにして,,
verb-te,0x00f0,あかりをつけて,,
verb-te,0x0146,くうきを入れて,,
verb-te,0x0147,くうきをいれて,,
verb-te,0x0187,かぎをはずして,,
verb-te,0x01ac,ぜんまいを巻く,WIND,direct
verb-te,0x01ad,したをのぞいて,,
verb-te,0x01ef,きろくをやめる,,
verb-te,0x01fb,きろくをやめて,,
verb-te,0x0002,しんだんして,,
verb-te,0x0019,いんさつする,,
verb-te,0x001d,いんさつして,,
verb-te,0x0025,へんとうして,,
verb-te,0x0029,おうとうして,,
verb-te,0x0040,こうげきして,,
verb-te,0x0050,こうたいして,,
verb-te,0x005a,ふくらませて,,
verb-te,0x006a,こきゅうして,,
verb-te,0x006d,きれいにして,,
verb-te,0x007f,めいれいする,,
verb-te,0x0089,めいれいして,,
verb-te,0x009d,くうきをぬく,,
verb-te,0x009e,まほうを解く,,
verb-te,0x00a1,まほうをとく,,
verb-te,0x00a2,ぱんくさせる,,
verb-te,0x00ac,ぱんくさせて,,
verb-te,0x00b8,みずをかけて,,
verb-te,0x00e4,みずにおろす,,
verb-te,0x00e5,しんすいして,,
verb-te,0x00f7,てんとうして,,
verb-te,0x00ff,かぎを掛けて,,
verb-te,0x0100,かぎをかけて,,
verb-te,0x015c,ごうだつして,,
verb-te,0x0160,こうかいして,,
verb-te,0x0176,すきっぷして,,
verb-te,0x017a,すぷれーする,,
verb-te,0x017d,すぷれーして,,
verb-te,0x0181,たいざいして,,
verb-te,0x0186,ふりまわして,,
verb-te,0x0192,かぎを開けて,,
verb-te,0x0194,かぎをあけて,,
verb-te,0x0197,じゆうにする,,
verb-te,0x019c,じゆうにして,,
verb-te,0x01a5,ねじをまいて,,
verb-te,0x01d9,たからの部屋,,
verb-te,0x01de,たからのへや,,
verb-te,0x01df,しずかにしろ,,
verb-te,0x01e9,くうきぽんぷ,,
verb-te,0x000d,ＳＣＯＲＥ,,
verb-te,0x0016,へんじする,,
verb-te,0x0027,へんじして,,
verb-te,0x0033,いどうして,,
verb-te,0x003d,だき締めて,,
verb-te,0x003e,だきしめて,,
verb-te,0x0047,やっつけて,,
verb-te,0x004b,きずつけて,,
verb-te,0x0052,ばくはして,,
verb-te,0x0062,うえにのる,,
verb-te,0x0064,ふき込んで,,
verb-te,0x0071,ひをつけて,,
verb-te,0x007d,よこ切って,,
verb-te,0x00a8,はかいして,,
verb-te,0x00d3,とび越えて,,
verb-te,0x00d4,とびこえて,,
verb-te,0x00e1,のっくして,,
verb-te,0x00e9,ひをともす,,
verb-te,0x00ef,ろっくする,,
verb-te,0x00fb,ろっくして,,
verb-te,0x012e,こじ開けて,,
verb-te,0x012f,こじあけて,,
verb-te,0x0136,とり上げて,,
verb-te,0x0137,とりあげて,,
verb-te,0x013f,せんをして,,
verb-te,0x014e,もち上げて,,
verb-te,0x014f,もちあげて,,
verb-te,0x0152,ひき上げて,,
verb-te,0x0153,ひきあげて,,
verb-te,0x0159,ふりあげて,,
verb-te,0x017b,ふきかけて,,
verb-te,0x018b,あるき回る,,
verb-te,0x01a4,ねじをまく,,
verb-te,0x01aa,ねじを巻く,WIND UP,direct
verb-te,0x01ab,そとに出る,,
verb-te,0x01b9,そとに出て,,
verb-te,0x01ba,そとにでて,,
verb-te,0x01c1,ふり返って,,
verb-te,0x01c7,ふり向いて,,
verb-te,0x01ce,のぞきこむ,,
verb-te,0x01cf,したを覗く,,
verb-te,0x01d8,じょうりく,,
verb-te,0x01db,きろくする,,
verb-te,0x01f9,きろくして,,
verb-te,0x0007,ＱＵＩＴ,,
verb-te,0x0008,ＬＯＡＤ,,
verb-te,0x0012,ＳＡＶＥ,,
verb-te,0x0014,こたえる,,
verb-te,0x0023,こたえて,,
verb-te,0x002b,くわえて,,
verb-te,0x0035,ずらして,,
verb-te,0x0045,つきさす,,
verb-te,0x0046,たたいて,,
verb-te,0x0055,ふきけす,,
verb-te,0x0056,のり込む,,
verb-te,0x005f,のりこむ,,
verb-te,0x0060,ふき込む,,
verb-te,0x0067,ふきこむ,,
verb-te,0x0068,みがいて,,
verb-te,0x008b,めいじて,,
verb-te,0x008d,かぞえて,,
verb-te,0x0090,よこぎる,,
verb-te,0x0091,わたって,,
verb-te,0x0094,のろって,,
verb-te,0x00bc,しらべて,,
verb-te,0x00c5,みつけて,,
verb-te,0x00d7,とびこす,,
verb-te,0x00d8,おろして,,
verb-te,0x00e7,ともして,,
verb-te,0x0107,み上げる,,
verb-te,0x010a,み上げて,,
verb-te,0x010b,みあげて,,
verb-te,0x010e,みおろす,,
verb-te,0x010f,つくって,,
verb-te,0x011c,ひっ張る,,
verb-te,0x0123,ひっぱる,,
verb-te,0x0124,まわして,,
verb-te,0x0127,つついて,,
verb-te,0x013a,とりだす,,
verb-te,0x013b,えんじる,,
verb-te,0x013d,えんじて,,
verb-te,0x0155,かかげて,,
verb-te,0x018a,むすんで,,
verb-te,0x01bc,あたえて,,
verb-te,0x01c0,きすして,,
verb-te,0x01c6,ふり向く,,
verb-te,0x01ca,ふりむく,,
verb-te,0x01cb,のぞいて,,
verb-te,0x01e3,うるさい,BE LOUD,direct
verb-te,0x01e5,たたいて,,
verb-te,0x01f7,こうこく,,
verb-te,0x0005,やめて,,
verb-te,0x002f,いれて,,
verb-te,0x0031,なげて,,
verb-te,0x0038,にぎる,,
verb-te,0x003a,ころす,,
verb-te,0x0042,たたく,TAP,direct
verb-te,0x0049,うって,,
verb-te,0x006c,もやす,,
verb-te,0x006f,おりる,,
verb-te,0x0075,おりて,,
verb-te,0x0077,すわる,,
verb-te,0x0079,はいる,,
verb-te,0x007b,あるく,,
verb-te,0x0081,いって,,
verb-te,0x0085,とじて,,
verb-te,0x0087,しめて,,
verb-te,0x0093,のろう,,
verb-te,0x0096,きって,,
verb-te,0x009a,こわす,,
verb-te,0x00a6,ついて,,
verb-te,0x00ae,あけて,,
verb-te,0x00b0,ほって,,
verb-te,0x00b6,たべる,,
verb-te,0x00ba,たべて,,
verb-te,0x00c2,さがす,,
verb-te,0x00c7,おって,,
verb-te,0x00ca,とんで,,
verb-te,0x00da,さげる,,
verb-te,0x00dc,さげて,,
verb-te,0x00f2,つけて,,
verb-te,0x00f5,きいて,,
verb-te,0x0103,かけて,,
verb-te,0x0106,よんで,,
verb-te,0x0118,とかす,,
verb-te,0x011a,まいて,,
verb-te,0x0126,つつく,PROD,direct
verb-te,0x012d,ひろう,,
verb-te,0x0131,とって,,
verb-te,0x0141,いのる,,
verb-te,0x0143,あげる,,
verb-te,0x014b,あげて,,
verb-te,0x015a,うばう,,
verb-te,0x015e,ならす,,
verb-te,0x0162,こする,RUB,direct
verb-te,0x0163,さわる,,
verb-te,0x0165,ふれる,,
verb-te,0x0167,ふれて,,
verb-te,0x0168,なでて,,
verb-te,0x016a,つげて,,
verb-te,0x016c,いって,,
verb-te,0x0174,はねて,,
verb-te,0x0178,たって,,
verb-te,0x0183,むすぶ,,
verb-te,0x018d,つむぐ,,
verb-te,0x018f,はずす,DETACH,direct
verb-te,0x0199,ほどく,UNTIE,direct
verb-te,0x019a,まって,,
verb-te,0x01a1,ゆらす,,
verb-te,0x01a7,かって,,
verb-te,0x01b1,さけぶ,,
verb-te,0x01b3,どなる,YELL,direct
verb-te,0x01b4,わたす,,
verb-te,0x01be,のぞく,,
verb-te,0x01d1,すてる,,
verb-te,0x01d3,すてて,,
verb-te,0x01d5,じいん,,
verb-te,0x01e1,えこー,,
verb-te,0x01e4,だまれ,,
verb-te,0x01e7,ＢＵＧ,,
verb-te,0x01ed,さして,,
verb-te,0x01f3,とおる,,
verb-te,0x01f5,ぞーく,,
verb-te,0x01f6,くうき,,
verb-te,0x002d,おす,,
verb-te,0x0037,うつ,,
verb-te,0x004d,けす,,
verb-te,0x0058,のる,,
verb-te,0x005c,いく,,
verb-te,0x0083,きる,,
verb-te,0x0098,つく,,
verb-te,0x00aa,ほる,,
verb-te,0x00b2,のむ,,
verb-te,0x00b4,おう,,
verb-te,0x00c9,とぶ,,
verb-te,0x00d0,ける,,
verb-te,0x00df,さる,,
verb-te,0x00eb,きく,,
verb-te,0x00f9,みる,,
verb-te,0x0111,みて,,
verb-te,0x0114,ぬる,,
verb-te,0x0116,まく,,
verb-te,0x011e,ひく,,
verb-te,0x0120,とる,,
verb-te,0x0133,きる,,
verb-te,0x0149,きて,,
verb-te,0x016e,よぶ,,
verb-te,0x0170,ふる,,
verb-te,0x0172,たつ,,
verb-te,0x017f,まつ,,
verb-te,0x019e,かつ,,
verb-te,0x01a9,でる,,
verb-te,0x01b6,でて,,
verb-te,0x01f1,おの,,
verb-te,0x0004,Ｑ,,
verb-te,0x0009,Ｌ,,
verb-te,0x0112,Ｚ,,
verb-te,0x019f,え,,
verb-te,0x000a,リスタートして,,
verb-te,0x01ae,ゼンマイを巻く,,
verb-te,0x01af,クイットして,,
verb-te,0x00ab,パンクさせて,,
verb-te,0x0101,カギを掛けて,,
verb-te,0x0102,カギをかけて,,
verb-te,0x012b,オデツセウス,,
verb-te,0x012c,スキップする,SKIP,direct
verb-te,0x0175,スキップして,,
verb-te,0x017c,スプレーして,,
verb-te,0x0193,カギを開けて,,
verb-te,0x0195,カギをあけて,,
verb-te,0x0198,ボートのあな,,
verb-te,0x000c,ロードして,,
verb-te,0x001a,ノックする,KNOCK,direct
verb-te,0x00e0,ノックして,,
verb-te,0x00fc,ロックして,,
verb-te,0x0128,オデッセイ,,
verb-te,0x0129,オデツセイ,,
verb-te,0x012a,ガラスくず,,
verb-te,0x0003,クイット,,
verb-te,0x0006,キスする,KISS,direct
verb-te,0x01bf,キスして,,
verb-te,0x01ee,ロード,,
verb-te,0x0011,セーブ,,
verb-te,0x0013,スコア,,
verb-te,0x0015,バグ,,
verb-te,0x00be,悪魔ばらいをして,,
verb-te,0x0020,印刷を中止して,,
verb-te,0x00bd,悪魔払いをして,,
verb-te,0x001e,印刷をやめて,,
verb-te,0x0150,引き上げて,,
verb-te,0x0151,引きあげて,,
verb-te,0x001c,印刷して,,
verb-te,0x0032,移動して,,
verb-te,0x0121,引っぱる,,
verb-te,0x0122,握って,,
verb-te,0x0039,飲む,DRINK,direct
verb-te,0x00b3,引く,PULL,direct
verb-te,0x011f,悪霊,,
verb-te,0x0185,下をのぞいて,,
verb-te,0x0070,火をつけて,,
verb-te,0x00ed,火をともす,,
verb-te,0x00ee,泳いで渡る,SWIM ACROSS,direct
verb-te,0x0184,下を覗いて,,
verb-te,0x01d7,隠しとびら,,
verb-te,0x0028,応答して,,
verb-te,0x00ec,下を覗く,LOOK UNDER,direct
verb-te,0x01d6,加える,ADD,direct
verb-te,0x002a,加えて,,
verb-te,0x008e,横ぎる,,
verb-te,0x008f,壊して,,
verb-te,0x00db,下げて,,
verb-te,0x00dd,回して,,
verb-te,0x013c,演じて,,
verb-te,0x0036,壊す,BREAK,direct
verb-te,0x00a5,回す,ROTATE,direct
verb-te,0x0125,泳ぐ,SWIM,direct
verb-te,0x0182,恩恵,,
verb-te,0x00e8,外に出る,EXIT,direct
verb-te,0x01b7,外に出て,,
verb-te,0x01b8,外にでる,,
verb-te,0x00ad,開けて,,
verb-te,0x00af,巻く,COIL,direct
verb-te,0x011d,岸壁,,
verb-te,0x01fc,記録を中止して,,
verb-te,0x0144,空気を入れて,,
verb-te,0x0145,空気をいれて,,
verb-te,0x01fa,記録をやめて,,
verb-te,0x009b,空気をぬく,,
verb-te,0x009c,空気ぽんぷ,,
verb-te,0x015b,強奪して,,
verb-te,0x01f8,記録して,,
verb-te,0x01a0,叫んで,,
verb-te,0x00ea,祈る,PRAY,direct
verb-te,0x0142,叫ぶ,SCREAM,direct
verb-te,0x01b2,空気,,
verb-te,0x00fd,鍵を掛けて,,
verb-te,0x00fe,鍵をかけて,,
verb-te,0x0190,鍵を開けて,,
verb-te,0x0191,鍵をあけて,,
verb-te,0x0196,血まみれの,,
verb-te,0x004f,後退して,,
verb-te,0x0069,呼吸して,,
verb-te,0x00c4,見つけて,,
verb-te,0x0105,見上げる,LOOK UP,direct
verb-te,0x0108,見上げて,,
verb-te,0x0109,見あげて,,
verb-te,0x010c,見おろす,,
verb-te,0x010d,後悔する,REPENT,direct
verb-te,0x015f,後悔して,,
verb-te,0x0104,掲げる,HOLD UP,direct
verb-te,0x0154,掲げて,,
verb-te,0x004e,掘る,DIG,direct
verb-te,0x00b1,見る,LOOK,direct
verb-te,0x0110,見て,,
verb-te,0x016d,呼ぶ,CALL,direct
verb-te,0x016f,結ぶ,TIE,direct
verb-te,0x018c,古い,OLD,direct
verb-te,0x000e,再スタートして,,
verb-te,0x000f,再すたーとして,,
verb-te,0x003f,攻撃して,,
verb-te,0x0074,降りて,,
verb-te,0x00d9,作って,,
verb-te,0x0169,告げて,,
verb-te,0x0078,行く,GO,direct
verb-te,0x0082,刻む,CARVE,direct
verb-te,0x0099,作る,MAKE,direct
verb-te,0x0117,塞ぐ,BLOCK,direct
verb-te,0x0140,広告,,
verb-te,0x00cc,呪文をとなえて,,
verb-te,0x00cb,呪文を唱えて,,
verb-te,0x0134,取り上げて,,
verb-te,0x0135,取りあげて,,
verb-te,0x014c,持ち上げて,,
verb-te,0x014d,持ちあげて,,
verb-te,0x019b,自由にして,,
verb-te,0x0138,取りだす,,
verb-te,0x0139,紙まっち,,
verb-te,0x01d2,捨てて,,
verb-te,0x0041,呪う,DAMN,direct
verb-te,0x0095,取る,TAKE,direct
verb-te,0x0132,寺院,,
verb-te,0x01e0,刺す,STAB,direct
verb-te,0x01f0,死体,BODY,direct
verb-te,0x0018,詳しく表示して,,
verb-te,0x0179,飾りのある,,
verb-te,0x004a,傷つけて,,
verb-te,0x005d,乗りこむ,,
verb-te,0x005e,上に乗る,MOUNT,direct
verb-te,0x0061,上にのる,,
verb-te,0x0063,上陸して,,
verb-te,0x014a,上げて,,
verb-te,0x0057,乗る,RIDE,direct
verb-te,0x005b,蹴る,KICK,direct
verb-te,0x00de,拾う,PICK UP,direct
verb-te,0x0130,臭う,SNIFF,direct
verb-te,0x0177,勝つ,WIN,direct
verb-te,0x01a8,出る,GO OUT,direct
verb-te,0x01b5,出て,,
verb-te,0x01da,象牙,,
verb-te,0x00b7,水をかけて,,
verb-te,0x00e2,水におろす,,
verb-te,0x00e3,振り上げる,SWING,direct
verb-te,0x0156,振り上げて,,
verb-te,0x0157,振り挙げて,,
verb-te,0x0158,振りあげて,,
verb-te,0x0189,振り返って,,
verb-te,0x01c5,振り向いて,,
verb-te,0x01e8,診断する,,
verb-te,0x0001,診断して,,
verb-te,0x0053,吹きけす,,
verb-te,0x0054,吹き込む,BLOW IN,direct
verb-te,0x0065,吹きこむ,,
verb-te,0x0066,進水して,,
verb-te,0x013e,栓をして,,
verb-te,0x0188,振り返る,TURN AROUND,direct
verb-te,0x01c4,振り向く,TURN,direct
verb-te,0x01c8,振りむく,,
verb-te,0x01c9,青いとり,,
verb-te,0x008c,数えて,,
verb-te,0x00b9,食べて,,
verb-te,0x0166,触れて,,
verb-te,0x0097,進水,LAUNCH,direct
verb-te,0x00e6,触る,TOUCH,direct
verb-te,0x0164,振る,SHAKE,direct
verb-te,0x0171,神殿,,
verb-te,0x01e2,石塚,,
verb-te,0x01ea,大声をあげて,,
verb-te,0x0180,滞在して,,
verb-te,0x004c,捜す,SEARCH,direct
verb-te,0x00c6,待つ,WAIT,direct
verb-te,0x019d,船外,,
verb-te,0x007e,跳び越える,JUMP OVER,direct
verb-te,0x00d1,跳び越えて,,
verb-te,0x00d2,跳びこえて,,
verb-te,0x007c,跳び越す,LEAP,direct
verb-te,0x00d5,跳びこす,,
verb-te,0x00d6,追い剥ぎ,,
verb-te,0x00bb,調べて,,
verb-te,0x0173,跳ねて,,
verb-te,0x002c,叩く,,
verb-te,0x0048,注ぐ,POUR,direct
verb-te,0x00b5,追う,CHASE,direct
verb-te,0x00c8,跳ぶ,JUMP,direct
verb-te,0x00cf,聴く,,
verb-te,0x00fa,着る,,
verb-te,0x0148,着て,,
verb-te,0x015d,叩く,,
verb-te,0x01f2,通る,PASS,direct
verb-te,0x01f4,彫刻,,
verb-te,0x0043,突きさす,,
verb-te,0x0044,灯もして,,
verb-te,0x00f6,点灯して,,
verb-te,0x0022,答えて,,
verb-te,0x002e,入れて,,
verb-te,0x0030,投げて,,
verb-te,0x0034,登って,,
verb-te,0x00f1,点けて,,
verb-te,0x00f4,読んで,,
verb-te,0x011b,渡して,,
verb-te,0x0076,入る,GO IN,direct
verb-te,0x007a,渡る,GO ACROSS,direct
verb-te,0x0092,突く,POKE,direct
verb-te,0x00a9,灯す,KINDLE,direct
verb-te,0x00f3,読む,READ,direct
verb-te,0x0113,塗る,APPLY,direct
verb-te,0x0115,渡す,HAND,direct
verb-te,0x01bd,泥棒,,
verb-te,0x0051,爆破して,,
verb-te,0x00a7,破壊して,,
verb-te,0x01cc,覗きこむ,,
verb-te,0x01cd,燃やす,BURN UP,direct
verb-te,0x006e,覗いて,,
verb-te,0x01d0,番号,,
verb-te,0x003b,抱き締めて,,
verb-te,0x003c,抱きしめて,,
verb-te,0x01a3,返答する,RESPOND,direct
verb-te,0x0024,返答して,,
verb-te,0x0026,返事して,,
verb-te,0x01a2,宝の部屋,,
verb-te,0x01dc,宝のへや,,
verb-te,0x01dd,不気味な,,
verb-te,0x0084,閉じて,,
verb-te,0x0086,閉めて,,
verb-te,0x0080,聞く,ASK,direct
verb-te,0x00f8,宝石,,
verb-te,0x00a3,魔法をかけて,,
verb-te,0x0059,膨らませて,,
verb-te,0x009f,魔法をとく,,
verb-te,0x00a0,木の手すり,,
verb-te,0x0088,命令して,,
verb-te,0x008a,命じて,,
verb-te,0x00c1,鳴らす,RING,direct
verb-te,0x0161,紡いで,,
verb-te,0x006b,紡ぐ,,
verb-te,0x018e,望む,WISH,direct
verb-te,0x01b0,黙れ,,
verb-te,0x01e6,明り,,
verb-te,0x0119,立って,,
verb-te,0x01a6,与える,GIVE,direct
verb-te,0x01bb,与えて,,
verb-te,0x01d4,落ち葉,,
verb-te,0x017e,容器,,
verb-te,0x016b,漏れ,,
direction,0x033a,ほくとう,,
direction,0x033b,なんせい,BAR,id-prop
direction,0x033c,なんとう,,
direction,0x033d,それから,,
direction,0x0335,ひがし,,
direction,0x0336,そして,,
direction,0x0334,にし,,
direction,0x0337,した,,
direction,0x0338,うえ,,
direction,0x0339,ＮＷ,,
direction,0x033a,ＮＥ,,
direction,0x033b,ＳＷ,BAR,id-prop
direction,0x033c,ＳＥ,,
direction,0x033d,Ｉ,,
direction,0x0334,Ｓ,,
direction,0x0335,Ｅ,,
direction,0x0336,Ｗ,,
direction,0x0337,Ｄ,,
direction,0x0338,Ｕ,,
direction,0x033c,南東,,
direction,0x033d,土,,
direction,0x0335,東,,
direction,0x033a,北東,,
direction,0x033b,棒,BAR,direct
